-- phpMyAdmin SQL Dump
-- version 4.6.4
-- https://www.phpmyadmin.net/
--
-- Host: fdb22.atspace.me
-- Generation Time: Aug 05, 2020 at 09:03 AM
-- Server version: 5.7.20-log
-- PHP Version: 5.5.38

SET SQL_MODE = "NO_AUTO_VALUE_ON_ZERO";
SET time_zone = "+00:00";


/*!40101 SET @OLD_CHARACTER_SET_CLIENT=@@CHARACTER_SET_CLIENT */;
/*!40101 SET @OLD_CHARACTER_SET_RESULTS=@@CHARACTER_SET_RESULTS */;
/*!40101 SET @OLD_COLLATION_CONNECTION=@@COLLATION_CONNECTION */;
/*!40101 SET NAMES utf8mb4 */;

--
-- Database: `3187553_yiern`
--

-- --------------------------------------------------------

--
-- Table structure for table `game_history`
--

CREATE TABLE `game_history` (
  `id` int(10) NOT NULL,
  `side` varchar(11) NOT NULL,
  `level` int(5) NOT NULL,
  `finger` varchar(5) NOT NULL,
  `degree` int(50) NOT NULL,
  `result` smallint(1) NOT NULL,
  `time_spent` int(9) NOT NULL,
  `created_date` datetime NOT NULL DEFAULT CURRENT_TIMESTAMP,
  `user_id_fk` int(11) DEFAULT NULL
) ENGINE=InnoDB DEFAULT CHARSET=latin1;

--
-- Dumping data for table `game_history`
--

INSERT INTO `game_history` (`id`, `side`, `level`, `finger`, `degree`, `result`, `time_spent`, `created_date`, `user_id_fk`) VALUES
(38, 'L', 1, '1', 15, 1, 2, '2020-06-10 12:44:27', 4),
(40, 'R', 1, '2', 15, 1, 3, '2020-06-10 12:47:52', 4),
(41, 'R', 1, '3', 35, 1, 7, '2020-06-10 12:48:00', 4),
(42, 'R', 1, '4', 40, 0, 4, '2020-06-10 12:44:27', 4),
(43, 'R', 1, '5', 45, 0, 10, '2020-06-10 12:47:52', 4),
(45, 'L', 1, '1', 15, 1, 1, '2020-06-10 14:35:25', 5),
(46, 'R', 1, '2', 20, 1, 2, '2020-06-10 14:35:25', 5),
(47, 'L', 1, '3', 25, 1, 3, '2020-06-10 14:35:59', 5),
(48, 'L', 1, '4', 30, 1, 4, '2020-06-10 14:35:59', 5),
(49, 'R', 1, '5', 35, 1, 5, '2020-06-10 14:36:36', 5),
(50, 'R', 1, '3', 20, 1, 3, '2020-06-10 14:36:36', 6),
(51, 'R', 1, '2', 25, 1, 5, '2020-06-10 14:37:23', 6),
(52, 'R', 1, '1', 15, 1, 4, '2020-06-10 14:37:23', 6),
(53, 'L', 1, '1', 15, 0, 10, '2020-06-10 14:38:30', 9),
(54, 'L', 1, '1', 20, 1, 3, '2020-06-10 14:38:30', 9),
(55, 'R', 2, '1,2', 15, 0, 10, '2020-06-10 14:38:30', 9),
(56, 'R', 2, '3,4', 20, 1, 3, '2020-06-10 14:38:30', 9),
(62, 'L', 1, '4', 30, 0, 10, '2020-06-16 13:37:09', 13),
(63, 'L', 1, '3', 30, 0, 10, '2020-06-16 13:37:47', 13),
(64, 'L', 1, '2', 30, 1, 1, '2020-06-16 13:38:13', 13),
(65, 'R', 1, '1', 30, 1, 4, '2020-06-16 13:38:23', 13),
(66, 'L', 1, '3', 30, 1, 4, '2020-06-16 13:38:32', 6),
(67, 'L', 1, '4', 0, 1, 9, '2020-06-16 13:38:47', 6),
(68, 'R', 1, '5', 30, 1, 4, '2020-06-16 13:38:57', 5),
(69, 'R', 1, '1', 30, 0, 10, '2020-06-16 13:47:45', 9),
(70, 'L', 1, '1', 30, 0, 10, '2020-06-16 13:48:03', 4),
(71, 'L', 1, '1', 30, 1, 2, '2020-06-16 14:07:47', 4),
(72, 'L', 1, '2', 30, 0, 10, '2020-06-16 14:08:02', 4),
(73, 'L', 1, '1', 30, 1, 3, '2020-06-16 14:08:16', 4),
(74, 'L', 1, '2', 30, 1, 5, '2020-06-16 14:08:27', 4),
(75, 'L', 1, '1', 30, 0, 10, '2020-06-16 14:18:22', 4),
(76, 'R', 1, '1', 30, 0, 10, '2020-06-16 14:18:41', 4),
(77, 'R', 1, '1', 30, 1, 1, '2020-06-16 14:19:09', 4),
(78, 'L', 1, '2', 30, 0, 10, '2020-06-16 14:19:24', 4),
(79, 'L', 1, '1', 30, 1, 7, '2020-06-16 14:19:58', 4),
(80, 'R', 1, '2', 30, 1, 1, '2020-06-16 14:20:04', 4),
(81, 'R', 1, '3', 30, 1, 7, '2020-06-16 14:20:17', 4),
(82, 'R', 1, '4', 30, 0, 10, '2020-06-16 14:20:32', 4),
(83, 'R', 1, '2', 30, 1, 4, '2020-06-26 05:47:53', 13),
(84, 'R', 1, '2', 30, 0, 10, '2020-06-26 05:48:08', 13),
(85, 'R', 1, '2', 30, 0, 10, '2020-06-26 05:48:24', 13),
(86, 'R', 1, '2', 30, 1, 2, '2020-06-26 05:49:04', 13),
(87, 'R', 1, '2', 30, 1, 1, '2020-06-26 05:49:11', 13),
(88, 'L', 1, '3', 30, 1, 2, '2020-06-26 05:49:19', 13),
(89, 'L', 1, '4', 30, 1, 4, '2020-06-26 05:49:28', 13),
(90, 'L', 1, '5', 30, 1, 1, '2020-06-26 05:49:35', 13),
(91, 'L', 1, '2', 30, 1, 2, '2020-06-26 05:57:07', 13),
(92, 'L', 1, '2', 0, 1, 8, '2020-06-26 05:57:21', 13),
(93, 'R', 1, '3', 30, 1, 1, '2020-06-26 05:57:28', 13),
(94, 'L', 1, '4', 30, 1, 1, '2020-06-26 05:57:35', 13),
(95, 'L', 1, '5', 30, 1, 1, '2020-06-26 05:57:42', 13),
(96, 'L', 2, '1', 15, 1, 1, '2020-06-26 06:01:20', 13),
(97, 'L', 2, '1', 20, 1, 2, '2020-06-26 06:01:27', 13),
(98, 'L', 2, '1', 50, 1, 1, '2020-06-26 06:01:34', 13),
(99, 'L', 1, '2', 30, 0, 10, '2020-06-26 07:36:57', 13),
(100, 'R', 1, '2', 30, 0, 10, '2020-06-26 07:37:32', 13),
(101, 'R', 1, '2', 30, 1, 6, '2020-06-26 07:40:39', 13),
(102, 'R', 1, '2', 30, 1, 2, '2020-06-26 07:40:47', 13),
(103, 'R', 1, '3', 30, 1, 2, '2020-06-26 07:40:55', 13),
(104, 'R', 1, '4', 30, 1, 1, '2020-06-26 07:41:02', 13),
(105, 'R', 1, '2', 30, 1, 3, '2020-06-26 07:43:25', 13),
(106, 'L', 1, '2', 30, 1, 5, '2020-06-26 07:43:34', 13),
(107, 'R', 1, '3', 30, 1, 3, '2020-06-26 07:43:43', 13),
(108, 'L', 1, '4', 30, 1, 1, '2020-06-26 07:43:49', 13),
(109, 'L', 1, '5', 30, 0, 10, '2020-06-26 07:44:04', 13),
(110, 'R', 1, '2', 30, 0, 10, '2020-06-30 04:51:59', 13),
(111, 'R', 1, '2', 30, 1, 2, '2020-06-30 04:52:13', 13),
(112, 'R', 1, '2', 30, 1, 2, '2020-06-30 04:52:21', 13),
(113, 'R', 1, '3', 30, 1, 2, '2020-06-30 04:52:29', 13),
(114, 'R', 1, '4', 30, 0, 10, '2020-06-30 04:52:44', 13),
(115, 'R', 1, '2', 30, 1, 3, '2020-06-30 05:16:02', 13),
(116, 'R', 1, '2', 30, 1, 2, '2020-06-30 05:16:10', 13),
(117, 'R', 1, '3', 0, 1, 8, '2020-06-30 05:16:24', 13),
(118, 'L', 1, '4', 30, 0, 10, '2020-06-30 05:16:42', 13),
(119, 'L', 1, '4', 30, 0, 10, '2020-06-30 05:16:42', 13),
(120, 'R', 1, '2', 30, 1, 5, '2020-06-30 06:08:56', 13),
(121, 'R', 1, '2', 30, 1, 3, '2020-06-30 06:09:04', 13),
(122, 'R', 1, '3', 30, 1, 8, '2020-06-30 06:09:18', 13),
(123, 'R', 1, '4', 30, 0, 10, '2020-06-30 06:09:33', 13),
(124, 'L', 1, '2', 30, 1, 9, '2020-06-30 06:23:22', 13),
(125, 'L', 1, '2', 30, 1, 3, '2020-06-30 06:23:30', 13),
(126, 'L', 1, '3', 30, 1, 2, '2020-06-30 06:23:38', 13),
(127, 'R', 1, '4', 30, 0, 10, '2020-06-30 06:23:54', 13),
(128, '', 2, '1', 15, 1, 3, '2020-07-22 08:16:37', 4),
(129, '', 2, '1', 20, 1, 3, '2020-07-22 08:16:46', 4),
(130, '', 1, '1', 30, 0, 10, '2020-07-22 08:17:21', 4),
(131, '', 1, '1', 30, 0, 10, '2020-07-22 08:17:37', 4),
(132, '', 1, '1', 30, 1, 4, '2020-07-22 08:17:51', 4),
(133, '', 1, '2', 30, 1, 1, '2020-07-22 08:17:57', 4),
(135, '', 1, '1', 30, 1, 1, '2020-07-29 04:10:05', 4),
(136, '', 1, '2', 30, 0, 10, '2020-07-29 04:10:20', 4),
(137, '', 1, '1', 30, 0, 10, '2020-07-29 04:10:36', 4),
(138, '', 1, '1', 30, 1, 1, '2020-07-29 07:53:40', 4),
(139, '', 1, '2', 30, 1, 0, '2020-07-29 07:53:46', 4),
(140, '', 1, '3', 30, 1, 0, '2020-07-29 07:53:52', 4),
(141, '', 1, '4', 30, 1, 1, '2020-07-29 07:53:58', 4),
(142, '', 1, '5', 30, 1, 3, '2020-07-29 07:54:07', 4);

-- --------------------------------------------------------

--
-- Table structure for table `level_history`
--

CREATE TABLE `level_history` (
  `ID` int(11) NOT NULL,
  `Level` int(11) NOT NULL,
  `Date_Played` date NOT NULL,
  `user_id_fk` int(11) NOT NULL
) ENGINE=InnoDB DEFAULT CHARSET=latin1;

--
-- Dumping data for table `level_history`
--

INSERT INTO `level_history` (`ID`, `Level`, `Date_Played`, `user_id_fk`) VALUES
(1, 1, '0000-00-00', 4),
(2, 1, '0000-00-00', 4),
(3, 1, '0000-00-00', 4),
(4, 1, '0000-00-00', 4),
(5, 3, '0000-00-00', 4),
(6, 3, '0000-00-00', 4),
(7, 3, '0000-00-00', 4),
(8, 3, '0000-00-00', 4),
(9, 3, '0000-00-00', 4),
(10, 3, '0000-00-00', 4),
(11, 3, '0000-00-00', 4),
(12, 3, '0000-00-00', 4),
(13, 3, '0000-00-00', 4),
(14, 3, '0000-00-00', 4),
(15, 3, '0000-00-00', 4),
(16, 3, '0000-00-00', 4),
(17, 3, '0000-00-00', 4),
(18, 3, '0000-00-00', 4),
(19, 3, '0000-00-00', 4),
(20, 3, '0000-00-00', 4),
(21, 3, '0000-00-00', 4),
(22, 3, '0000-00-00', 4),
(23, 3, '0000-00-00', 4),
(24, 3, '0000-00-00', 4),
(25, 3, '0000-00-00', 4),
(26, 3, '0000-00-00', 4),
(27, 3, '0000-00-00', 4),
(28, 3, '0000-00-00', 4),
(29, 3, '0000-00-00', 4),
(30, 3, '0000-00-00', 4),
(31, 3, '0000-00-00', 4),
(32, 3, '0000-00-00', 4),
(33, 3, '0000-00-00', 4),
(34, 3, '0000-00-00', 4),
(35, 3, '0000-00-00', 4),
(36, 3, '0000-00-00', 4),
(37, 3, '0000-00-00', 4),
(38, 3, '0000-00-00', 4),
(39, 3, '0000-00-00', 4),
(40, 3, '0000-00-00', 4),
(41, 3, '0000-00-00', 4),
(42, 3, '0000-00-00', 4),
(43, 3, '0000-00-00', 4),
(44, 3, '0000-00-00', 4),
(45, 3, '0000-00-00', 4),
(46, 3, '0000-00-00', 4),
(47, 3, '0000-00-00', 4),
(48, 3, '0000-00-00', 4),
(49, 3, '0000-00-00', 4),
(50, 3, '0000-00-00', 4),
(51, 3, '0000-00-00', 4),
(52, 3, '0000-00-00', 4),
(53, 3, '0000-00-00', 4),
(54, 3, '0000-00-00', 4),
(55, 1, '0000-00-00', 4),
(56, 3, '0000-00-00', 4),
(57, 3, '0000-00-00', 4),
(58, 3, '0000-00-00', 7),
(59, 3, '0000-00-00', 7),
(60, 3, '0000-00-00', 7),
(61, 3, '0000-00-00', 7),
(62, 3, '0000-00-00', 7),
(63, 3, '0000-00-00', 7),
(64, 3, '0000-00-00', 7),
(65, 3, '0000-00-00', 7),
(66, 3, '0000-00-00', 7),
(67, 3, '0000-00-00', 7),
(68, 2, '2020-05-20', 8),
(69, 2, '2020-05-31', 7),
(70, 2, '2020-06-08', 4),
(71, 2, '2020-06-08', 4),
(72, 2, '2020-06-08', 4),
(73, 2, '2020-06-08', 4),
(74, 2, '2020-06-08', 4),
(75, 2, '2020-06-08', 4),
(76, 3, '2020-06-08', 13),
(77, 3, '2020-06-08', 13),
(78, 3, '2020-06-08', 13),
(79, 3, '2020-06-08', 13),
(80, 1, '2020-06-08', 13),
(109, 3, '2020-06-09', 4),
(110, 4, '2020-06-09', 4),
(111, 4, '2020-06-09', 4),
(112, 4, '2020-06-09', 4),
(113, 4, '2020-06-09', 4),
(114, 3, '2020-06-09', 4),
(115, 4, '2020-06-09', 4),
(116, 4, '2020-06-09', 4),
(117, 4, '2020-06-09', 4),
(118, 4, '2020-06-09', 4),
(119, 4, '2020-06-09', 4),
(120, 4, '2020-06-09', 4),
(121, 4, '2020-06-09', 4),
(122, 4, '2020-06-09', 4),
(123, 4, '2020-06-09', 4),
(124, 4, '2020-06-09', 4),
(125, 3, '2020-06-10', 4),
(126, 4, '2020-06-10', 4),
(127, 4, '2020-06-10', 4),
(128, 4, '2020-06-10', 4),
(129, 3, '2020-06-10', 4),
(130, 4, '2020-06-10', 4),
(131, 4, '2020-06-10', 4),
(132, 3, '2020-06-10', 4),
(133, 4, '2020-06-10', 4),
(134, 4, '2020-06-10', 4),
(135, 4, '2020-06-10', 4),
(136, 1, '2020-06-10', 4),
(137, 1, '2020-06-10', 4),
(138, 1, '2020-06-10', 4),
(139, 1, '2020-06-10', 4),
(140, 1, '2020-06-10', 4),
(141, 1, '2020-06-10', 4),
(142, 1, '2020-06-10', 4),
(143, 1, '2020-06-10', 4),
(144, 1, '2020-06-10', 4),
(145, 1, '2020-06-10', 4),
(146, 4, '2020-06-10', 4),
(147, 4, '2020-06-10', 4),
(148, 4, '2020-06-10', 4),
(149, 4, '2020-06-10', 4),
(150, 4, '2020-06-10', 4),
(151, 4, '2020-06-11', 4),
(152, 4, '2020-06-11', 4),
(153, 4, '2020-06-11', 4),
(154, 4, '2020-06-11', 4),
(155, 4, '2020-06-11', 4),
(156, 4, '2020-06-11', 4),
(157, 4, '2020-06-11', 4),
(158, 4, '2020-06-11', 4),
(159, 4, '2020-06-11', 4),
(160, 4, '2020-06-11', 4),
(161, 4, '2020-06-11', 4),
(162, 4, '2020-06-11', 4),
(163, 3, '2020-06-11', 4),
(164, 3, '2020-06-11', 4),
(165, 3, '2020-06-11', 4),
(166, 3, '2020-06-11', 4),
(167, 3, '2020-06-11', 4),
(168, 3, '2020-06-11', 4),
(169, 3, '2020-06-11', 4),
(170, 3, '2020-06-11', 4),
(171, 3, '2020-06-11', 4),
(172, 3, '2020-06-11', 4),
(173, 3, '2020-06-11', 4),
(174, 3, '2020-06-11', 4),
(175, 3, '2020-06-11', 4),
(176, 3, '2020-06-11', 4),
(177, 3, '2020-06-11', 4),
(178, 3, '2020-06-11', 4),
(179, 3, '2020-06-12', 4),
(180, 1, '2020-06-12', 4),
(181, 2, '2020-06-12', 4),
(182, 3, '2020-06-12', 4),
(183, 4, '2020-06-12', 4),
(184, 4, '2020-06-12', 4),
(185, 4, '2020-06-12', 4),
(186, 3, '2020-06-12', 4),
(187, 4, '2020-06-12', 4),
(188, 3, '2020-06-12', 4),
(189, 1, '2020-06-16', 4),
(190, 1, '2020-06-16', 4),
(191, 1, '2020-06-16', 4),
(192, 1, '2020-06-16', 4),
(193, 1, '2020-06-16', 4),
(194, 1, '2020-06-16', 4),
(195, 1, '2020-06-16', 4),
(196, 1, '2020-06-16', 4),
(197, 1, '2020-06-16', 4),
(198, 1, '2020-06-16', 4),
(199, 1, '2020-06-16', 4),
(200, 1, '2020-06-16', 4),
(201, 1, '2020-06-16', 4),
(202, 1, '2020-06-16', 4),
(203, 1, '2020-06-16', 4),
(204, 1, '2020-06-26', 13),
(205, 1, '2020-06-26', 13),
(206, 1, '2020-06-26', 13),
(207, 1, '2020-06-26', 13),
(208, 1, '2020-06-26', 13),
(209, 1, '2020-06-26', 13),
(210, 1, '2020-06-26', 13),
(211, 1, '2020-06-26', 13),
(212, 1, '2020-06-26', 13),
(213, 1, '2020-06-26', 13),
(214, 1, '2020-06-26', 13),
(215, 2, '2020-06-26', 13),
(216, 2, '2020-06-26', 13),
(217, 2, '2020-06-26', 13),
(218, 2, '2020-06-26', 13),
(219, 2, '2020-06-26', 13),
(221, 4, '2020-06-26', 13),
(222, 2, '2020-06-26', 13),
(223, 2, '2020-06-26', 13),
(224, 1, '2020-06-26', 13),
(225, 1, '2020-06-26', 13),
(226, 1, '2020-06-26', 13),
(227, 1, '2020-06-26', 13),
(228, 3, '2020-06-26', 13),
(229, 1, '2020-06-30', 13),
(230, 3, '2020-06-30', 13),
(231, 3, '2020-06-30', 13),
(232, 3, '2020-06-30', 13),
(233, 1, '2020-06-30', 13),
(234, 3, '2020-06-30', 13),
(235, 1, '2020-06-30', 13),
(236, 3, '2020-06-30', 13),
(237, 1, '2020-06-30', 13),
(238, 1, '2020-06-30', 13),
(239, 1, '2020-06-30', 13),
(240, 3, '2020-06-30', 13),
(241, 1, '2020-06-30', 13),
(242, 1, '2020-07-01', 14),
(243, 1, '2020-07-17', 15),
(244, 2, '2020-07-22', 4),
(245, 1, '2020-07-22', 4),
(246, 3, '2020-07-22', 4),
(247, 4, '2020-07-22', 4),
(248, 3, '2020-07-22', 4),
(249, 1, '2020-07-24', 4),
(250, 1, '2020-07-24', 4),
(251, 1, '2020-07-24', 4),
(252, 1, '2020-07-24', 4),
(253, 1, '2020-07-24', 4),
(254, 1, '2020-07-24', 4),
(255, 1, '2020-07-24', 4),
(256, 1, '2020-07-24', 4),
(257, 1, '2020-07-24', 4),
(258, 1, '2020-07-24', 4),
(259, 1, '2020-07-24', 4),
(260, 1, '2020-07-24', 4),
(261, 1, '2020-07-24', 4),
(262, 1, '2020-07-24', 4),
(263, 1, '2020-07-24', 4),
(264, 1, '2020-07-24', 4),
(265, 1, '2020-07-24', 4),
(266, 1, '2020-07-29', 4),
(267, 1, '2020-07-29', 4),
(268, 1, '2020-07-29', 4),
(269, 1, '2020-07-29', 4),
(270, 1, '2020-07-29', 4),
(271, 1, '2020-07-29', 4),
(272, 3, '2020-07-29', 4),
(273, 3, '2020-07-29', 4),
(274, 3, '2020-07-29', 4),
(275, 3, '2020-07-29', 4),
(276, 3, '2020-07-29', 4),
(277, 3, '2020-07-29', 4),
(278, 3, '2020-07-29', 4),
(279, 3, '2020-07-29', 4),
(280, 3, '2020-07-29', 4),
(281, 3, '2020-07-29', 4),
(282, 3, '2020-07-29', 4),
(283, 3, '2020-07-29', 4),
(284, 3, '2020-07-29', 4),
(285, 3, '2020-07-29', 4),
(286, 3, '2020-07-29', 4),
(287, 3, '2020-07-29', 4),
(288, 3, '2020-07-29', 4),
(289, 3, '2020-07-29', 4),
(290, 3, '2020-07-29', 4),
(291, 3, '2020-07-29', 4),
(292, 3, '2020-07-29', 4),
(293, 3, '2020-07-29', 4),
(294, 3, '2020-07-29', 4),
(295, 3, '2020-07-29', 4),
(296, 3, '2020-07-29', 4),
(297, 3, '2020-07-29', 4),
(298, 3, '2020-07-29', 4),
(299, 3, '2020-07-29', 4),
(300, 3, '2020-07-29', 4),
(301, 3, '2020-07-29', 4),
(302, 3, '2020-07-29', 4),
(303, 3, '2020-07-29', 4),
(304, 3, '2020-07-29', 4),
(305, 1, '2020-07-29', 4),
(306, 1, '2020-08-05', 4),
(307, 1, '2020-08-05', 4),
(308, 1, '2020-08-05', 4),
(309, 1, '2020-08-05', 4),
(310, 1, '2020-08-05', 4);

-- --------------------------------------------------------

--
-- Table structure for table `patients`
--

CREATE TABLE `patients` (
  `user_id` int(11) NOT NULL,
  `name` varchar(16) NOT NULL,
  `username` varchar(16) NOT NULL,
  `email` varchar(50) NOT NULL,
  `contact` varchar(50) NOT NULL,
  `age` tinyint(4) NOT NULL,
  `password` varchar(16) NOT NULL,
  `doctor_Name` varchar(25) DEFAULT NULL
) ENGINE=InnoDB DEFAULT CHARSET=latin1;

--
-- Dumping data for table `patients`
--

INSERT INTO `patients` (`user_id`, `name`, `username`, `email`, `contact`, `age`, `password`, `doctor_Name`) VALUES
(4, 'Johnathan', 'JoJowi', 'Johna@gmail.com', '67808845', 20, '1234', 'QKS'),
(5, 'Ks', 'Kang Sheng', 'KS@yahoo.com', '67809999', 19, '0000', 'xyz'),
(6, 'Ben', 'Benedict', 'Ben@gmail.com', '67809998', 16, '5678', 'qwe'),
(7, 'yiern', 'yiern', 'yiern@gmail.com', '67809997', 18, '1234', 'Kim'),
(8, 'Jimmy', 'Jim', 'Jimmy@tp.edu.sg', '67809996', 14, '6666', 'QKS'),
(9, 'kelvin', 'kelvin', 'Kel@gmail.com', '67809995', 18, '1234', 'QKS'),
(10, 'xerxe', 'xerxe', 'xerxe@yahoo.com.sg', '67809994', 18, '1234', 'Kim'),
(11, 'dawn', 'dawny', 'dawn@gmail.com', '67809993', 16, '8888', 'QKS'),
(12, 'lim aja', 'aja123', 'aja@gmail.com', '99823122', 18, '1234', 'kew'),
(13, 'Jason', 'Jay', 'jojo@yahoo.com', '85939587', 14, '1234', 'QKS'),
(14, 'test', 'test', 'test@gmail.com', '99999999', 10, '1234', 'test'),
(15, 'test', 'test', 'test@gmail.com', '99999999', 19, 'test', 'sam');

-- --------------------------------------------------------

--
-- Table structure for table `pianoGame_history`
--

CREATE TABLE `pianoGame_history` (
  `ID` int(11) NOT NULL,
  `date_played` datetime NOT NULL,
  `Score` int(11) NOT NULL,
  `User_id_fk` int(11) NOT NULL
) ENGINE=InnoDB DEFAULT CHARSET=latin1;

--
-- Dumping data for table `pianoGame_history`
--

INSERT INTO `pianoGame_history` (`ID`, `date_played`, `Score`, `User_id_fk`) VALUES
(1, '2020-06-09 00:00:00', 1, 4),
(2, '2020-06-09 00:00:00', 1, 4),
(3, '2020-06-10 00:00:00', 1, 4),
(4, '2020-06-10 00:00:00', 3, 4),
(5, '2020-06-11 00:00:00', 0, 4),
(6, '2020-06-11 00:00:00', 0, 4),
(7, '2020-06-11 00:00:00', 1, 4),
(8, '2020-06-11 00:00:00', 2, 4),
(9, '2020-06-12 00:00:00', 1, 4),
(10, '2020-06-12 00:00:00', 1, 4),
(11, '2020-06-12 00:00:00', 8, 4),
(12, '2020-06-26 00:00:00', 13, 13);

-- --------------------------------------------------------

--
-- Table structure for table `piano_history`
--

CREATE TABLE `piano_history` (
  `ID` int(11) NOT NULL,
  `date_played` datetime NOT NULL,
  `time_spent` int(64) NOT NULL,
  `side` varchar(11) NOT NULL,
  `user_id_fk` int(11) NOT NULL
) ENGINE=InnoDB DEFAULT CHARSET=latin1;

--
-- Dumping data for table `piano_history`
--

INSERT INTO `piano_history` (`ID`, `date_played`, `time_spent`, `side`, `user_id_fk`) VALUES
(129, '2020-05-19 16:30:57', 18, 'L', 7),
(130, '2020-05-20 02:15:01', 21, 'L', 7),
(131, '2020-06-08 09:29:20', 5, 'L', 13),
(132, '2020-06-08 10:44:43', 15, 'L', 13),
(133, '2020-06-08 12:42:17', 27, 'R', 13),
(134, '2020-06-08 13:49:11', 21, 'R', 13),
(135, '2020-06-08 13:55:10', 12, 'R', 13),
(136, '2020-06-08 14:03:28', 70, 'L', 13),
(137, '2020-06-08 14:10:35', 41, 'L', 13),
(138, '2020-06-09 09:44:15', 14, 'R', 4),
(139, '2020-06-10 10:35:35', 22, 'L', 4),
(140, '2020-06-11 12:02:44', 77, 'L', 4),
(141, '2020-06-11 12:04:08', 22, 'L', 4),
(142, '2020-06-12 07:31:57', 123, 'R', 4),
(143, '2020-06-26 06:03:52', 59, 'R', 13),
(144, '2020-06-30 04:54:34', 86, 'R', 13),
(145, '2020-06-30 04:54:34', 86, 'R', 13),
(146, '2020-06-30 05:03:47', 96, 'R', 13),
(147, '2020-06-30 05:17:35', 30, 'R', 13),
(148, '2020-06-30 06:10:17', 23, 'L', 13),
(149, '2020-06-30 06:24:39', 28, 'L', 13),
(150, '2020-07-22 08:18:23', 6, 'R', 4),
(151, '2020-07-22 08:19:23', 48, 'L', 4),
(152, '2020-07-29 05:43:56', 17, 'R', 4);

-- --------------------------------------------------------

--
-- Table structure for table `userVerification`
--

CREATE TABLE `userVerification` (
  `id` int(11) NOT NULL,
  `username` varchar(100) NOT NULL,
  `email` varchar(100) NOT NULL,
  `verified` tinyint(4) NOT NULL,
  `status` varchar(100) NOT NULL,
  `password` varchar(50) NOT NULL,
  `role` varchar(10) NOT NULL
) ENGINE=MyISAM DEFAULT CHARSET=latin1;

--
-- Dumping data for table `userVerification`
--

INSERT INTO `userVerification` (`id`, `username`, `email`, `verified`, `status`, `password`, `role`) VALUES
(58, 'yiern', 'chong.yiern@gmail.com', 1, 'Active', '3333', 'User'),
(69, 'qwe', 'qwe@gmail.com', 1, 'Active', '5555', 'User'),
(62, 'hij', 'hij@yahoo.com.sg', 1, 'Active', '4444', 'User'),
(64, 'ijk', 'ijk@gmail.com', 1, 'Active', '1111', 'User'),
(65, 'txv', 'txv@hotmail.com', 1, 'Active', '9999', 'User'),
(30, 'KS', 'kangsheng_quek@yahoo.com.sg', 1, 'Active', '1234', 'Admin'),
(29, 'QKJ', 'kangjie_quek@yahoo.com.sg', 1, 'Active', '0000', 'User'),
(68, 'xyz', 'xyz@gmail.com', 1, 'Active', '1111', 'User'),
(56, 'QKS', '1801595h@student.tp.edu.sg', 1, 'Active', '0000', 'User'),
(75, 'Kim', 'kim@gmail.com.sg', 1, 'Active', '1234', 'User');

-- --------------------------------------------------------

--
-- Table structure for table `var_image`
--

CREATE TABLE `var_image` (
  `id` int(11) NOT NULL,
  `image_val` int(50) NOT NULL,
  `image_url` varchar(100) NOT NULL
) ENGINE=MyISAM DEFAULT CHARSET=latin1;

--
-- Dumping data for table `var_image`
--

INSERT INTO `var_image` (`id`, `image_val`, `image_url`) VALUES
(1, 4389, 'Image/Image1.jpg'),
(2, 4870, 'Image/Image2.jpg'),
(3, 2685, 'Image/Image3.png'),
(4, 2567, 'Image/Image4.png');

--
-- Indexes for dumped tables
--

--
-- Indexes for table `game_history`
--
ALTER TABLE `game_history`
  ADD PRIMARY KEY (`id`),
  ADD KEY `user_id_fk` (`user_id_fk`);

--
-- Indexes for table `level_history`
--
ALTER TABLE `level_history`
  ADD PRIMARY KEY (`ID`),
  ADD KEY `player_id_fk` (`user_id_fk`);

--
-- Indexes for table `patients`
--
ALTER TABLE `patients`
  ADD PRIMARY KEY (`user_id`);

--
-- Indexes for table `pianoGame_history`
--
ALTER TABLE `pianoGame_history`
  ADD PRIMARY KEY (`ID`),
  ADD KEY `User_id_fk` (`User_id_fk`);

--
-- Indexes for table `piano_history`
--
ALTER TABLE `piano_history`
  ADD PRIMARY KEY (`ID`),
  ADD KEY `user_id_fk` (`user_id_fk`);

--
-- Indexes for table `userVerification`
--
ALTER TABLE `userVerification`
  ADD PRIMARY KEY (`id`),
  ADD UNIQUE KEY `email` (`email`);

--
-- Indexes for table `var_image`
--
ALTER TABLE `var_image`
  ADD PRIMARY KEY (`id`);

--
-- AUTO_INCREMENT for dumped tables
--

--
-- AUTO_INCREMENT for table `game_history`
--
ALTER TABLE `game_history`
  MODIFY `id` int(10) NOT NULL AUTO_INCREMENT, AUTO_INCREMENT=143;
--
-- AUTO_INCREMENT for table `level_history`
--
ALTER TABLE `level_history`
  MODIFY `ID` int(11) NOT NULL AUTO_INCREMENT, AUTO_INCREMENT=311;
--
-- AUTO_INCREMENT for table `patients`
--
ALTER TABLE `patients`
  MODIFY `user_id` int(11) NOT NULL AUTO_INCREMENT, AUTO_INCREMENT=16;
--
-- AUTO_INCREMENT for table `pianoGame_history`
--
ALTER TABLE `pianoGame_history`
  MODIFY `ID` int(11) NOT NULL AUTO_INCREMENT, AUTO_INCREMENT=13;
--
-- AUTO_INCREMENT for table `piano_history`
--
ALTER TABLE `piano_history`
  MODIFY `ID` int(11) NOT NULL AUTO_INCREMENT, AUTO_INCREMENT=153;
--
-- AUTO_INCREMENT for table `userVerification`
--
ALTER TABLE `userVerification`
  MODIFY `id` int(11) NOT NULL AUTO_INCREMENT, AUTO_INCREMENT=77;
--
-- AUTO_INCREMENT for table `var_image`
--
ALTER TABLE `var_image`
  MODIFY `id` int(11) NOT NULL AUTO_INCREMENT, AUTO_INCREMENT=5;
--
-- Constraints for dumped tables
--

--
-- Constraints for table `game_history`
--
ALTER TABLE `game_history`
  ADD CONSTRAINT `game_history_ibfk_1` FOREIGN KEY (`user_id_fk`) REFERENCES `patients` (`user_id`) ON DELETE CASCADE ON UPDATE CASCADE;

--
-- Constraints for table `level_history`
--
ALTER TABLE `level_history`
  ADD CONSTRAINT `user_id_constraint` FOREIGN KEY (`user_id_fk`) REFERENCES `patients` (`user_id`);

--
-- Constraints for table `pianoGame_history`
--
ALTER TABLE `pianoGame_history`
  ADD CONSTRAINT `pianoGame_history_ibfk_1` FOREIGN KEY (`User_id_fk`) REFERENCES `patients` (`user_id`) ON DELETE CASCADE ON UPDATE CASCADE;

--
-- Constraints for table `piano_history`
--
ALTER TABLE `piano_history`
  ADD CONSTRAINT `piano_history_ibfk_1` FOREIGN KEY (`user_id_fk`) REFERENCES `patients` (`user_id`) ON UPDATE CASCADE;

/*!40101 SET CHARACTER_SET_CLIENT=@OLD_CHARACTER_SET_CLIENT */;
/*!40101 SET CHARACTER_SET_RESULTS=@OLD_CHARACTER_SET_RESULTS */;
/*!40101 SET COLLATION_CONNECTION=@OLD_COLLATION_CONNECTION */;
